codecompany,idemployee,employee_sales,company_sales,sales_generated,date_sales
2,42,108812,8665013,260477,13/10/2024
7,47,140609,9960507,950861,17/02/2025
13,52,664702,2966216,204479,16/11/2025
10,23,939181,1226171,576848,18/09/2025
15,87,605996,2637529,923614,9/01/2024
2,90,590959,1990942,457386,15/09/2025
11,77,609932,5273159,192106,5/04/2025
18,21,154239,3036537,772165,7/02/2026
12,65,886915,5618686,542644,16/08/2025
3,82,611185,1251554,512081,11/11/2025
20,48,991097,8637786,545618,12/06/2024
19,53,864583,8801522,756142,21/11/2025
17,60,718424,8173461,789386,3/04/2026
5,63,740793,949302,352539,26/10/2024
4,45,213693,1457519,412350,10/01/2025
2,82,204227,680659,952764,30/06/2024
9,78,299675,1254065,169139,12/08/2024
16,47,790074,8317294,911747,26/06/2025
8,16,810287,9811811,656423,1/08/2024
10,90,425283,5444017,644660,24/12/2025
12,17,290429,2418569,68857,22/10/2025
6,42,757449,980199,172374,29/12/2025
9,16,264624,8096618,932536,21/02/2024
12,64,964849,5423695,586472,29/05/2024
7,73,63282,8035314,8559,31/03/2026
6,41,471776,4454402,447485,3/07/2025
18,83,456786,5851484,763228,29/10/2025
6,70,789666,7106897,238173,23/03/2025
15,24,316732,5261050,505172,26/05/2024
12,23,507526,2393725,984053,2/10/2025
4,39,859653,7773670,160971,15/05/2026
6,63,716695,3768291,156155,14/01/2025
14,89,458801,356350,138178,3/12/2024
2,48,893403,3230534,951110,19/03/2026
2,44,46271,4659046,888406,7/07/2025
4,62,240803,1188688,596613,18/06/2025
13,47,9550,1620382,626012,13/03/2024
2,48,647668,8285062,632692,30/08/2025
12,84,332281,9573795,429401,2/05/2026
12,37,332683,9860954,658096,3/03/2026
2,70,912503,8345803,326651,24/07/2024
8,70,502703,8580466,69355,4/09/2025
10,19,294466,9131463,448634,13/05/2026
9,71,556347,9706799,432778,19/04/2025
5,9,538207,354520,373294,26/01/2026
16,72,707584,7902183,250702,12/04/2024
19,66,558923,910809,568525,30/01/2026
19,88,978326,1650850,944670,3/12/2025
17,86,32539,9918297,230174,8/06/2025
2,40,614728,8931126,511836,29/08/2025
20,89,465809,6234530,831267,16/04/2025
4,16,2890,193480,228260,6/12/2025
15,60,926155,6902175,405988,5/02/2024
4,90,586131,7825712,596975,14/09/2025
14,72,532237,6743684,478389,28/02/2025
8,84,191789,9692341,900532,16/12/2025
5,72,101588,9491074,446368,6/05/2025
5,78,543855,6057434,736412,17/02/2025
14,48,274208,4967827,920073,20/09/2024
4,45,381050,4891646,211311,18/09/2025
5,54,103581,758936,740718,8/02/2024
4,49,17259,2440669,458433,17/02/2025
8,20,304223,1811351,915340,16/01/2025
11,99,266856,9597239,428675,12/10/2024
16,75,499307,901342,160952,6/05/2024
15,40,993171,4525457,126252,5/09/2024
17,15,286787,9890407,979395,7/03/2024
14,81,305771,1726214,111657,13/10/2025
13,88,981805,3908469,800088,18/04/2025
1,60,685689,4161614,961541,20/12/2025
15,64,656265,6780647,581786,10/06/2024
1,96,513254,5354159,445348,6/01/2024
15,35,215097,1685852,568446,5/03/2024
5,49,353921,2876309,818528,21/08/2024
10,73,951635,8684994,422030,9/02/2025
20,48,148058,3580193,154528,23/03/2025
18,30,493736,6803703,682287,29/12/2024
10,76,271149,6031147,453119,24/07/2024
1,2,763266,3859935,307981,15/04/2024
9,62,56656,4340653,448987,5/02/2024
14,15,8485,7524271,610109,14/06/2025
11,58,866778,9144630,853898,2/05/2025
16,61,798425,2779115,526151,11/07/2024
15,16,458527,490360,225514,3/12/2025
13,49,735538,3360009,382170,27/03/2026
8,81,397663,398304,822636,13/08/2025
13,68,645054,2421506,645713,2/07/2025
1,23,183296,4054179,724609,26/01/2026
12,22,442630,5784356,156760,25/08/2024
9,68,154448,1190564,769363,24/02/2025
16,95,902498,4427483,848584,10/02/2024
4,90,618943,7179720,774998,24/03/2025
5,63,365824,6226447,194393,19/07/2024
15,86,607560,2221063,208658,23/01/2026
15,91,787305,6017169,399213,12/10/2024
12,10,987538,2101394,933039,18/03/2024
17,44,371469,8837851,301737,22/10/2024
18,39,993048,8229170,112942,22/07/2025
15,69,931508,7118843,707574,26/01/2026
2,93,225505,9319567,517171,2/01/2024
17,22,141284,2347188,740993,8/11/2024
10,79,500472,5847437,338612,9/11/2024
14,67,421888,3934773,130789,4/09/2025
16,87,707155,9298484,148143,30/07/2024
4,4,168028,380603,819800,4/09/2025
20,63,200892,8350151,883751,18/03/2024
3,88,699136,3302568,208159,7/11/2025
1,61,906904,9018311,865392,3/05/2025
4,42,999749,8553552,432710,23/04/2026
8,17,480722,5093846,149719,5/03/2025
3,59,216053,1332825,597162,29/06/2025
4,35,810797,1652854,72266,5/04/2025
14,24,702108,7593563,10270,22/11/2024
2,61,125324,3567078,917069,27/11/2025
16,25,228721,7399908,296429,22/10/2024
17,16,363123,3822727,16650,23/11/2025
4,62,664198,5802592,725375,17/03/2024
19,73,392245,1600518,686642,16/12/2025
16,49,333187,461959,672557,6/12/2024
9,43,323640,3670691,777567,20/07/2024
15,34,967064,7077722,725057,2/11/2024
12,84,759368,8846320,764975,15/06/2025
13,43,754719,6356063,452622,21/09/2024
11,66,534404,3140492,822924,10/12/2025
2,52,58696,3279950,215868,20/04/2026
6,74,907988,4899392,288810,9/05/2026
5,67,122553,1287137,701739,16/04/2026
6,28,626519,1757157,890621,14/05/2024
20,63,958446,6187124,449519,1/07/2024
10,18,6614,5314224,272541,27/09/2024
8,53,972804,5268723,34069,13/11/2024
1,21,828548,3449308,231330,29/06/2025
15,39,203989,9483604,552683,5/01/2024
8,23,122179,477049,623740,19/10/2025
17,75,913270,8070911,885326,25/08/2025
5,9,568493,6508184,120500,18/05/2025
8,37,221856,2033974,421543,16/02/2026
12,19,846727,4994217,831558,27/04/2025
15,85,174139,8693039,59264,1/02/2024
9,38,612378,8799913,614041,14/09/2025
7,21,358425,7921040,379018,20/05/2026
19,6,988819,8589132,845562,13/03/2026
17,100,555985,2122104,923767,13/04/2026
14,44,137253,5352890,83209,13/01/2025
14,17,326451,2436316,989681,10/07/2025
17,30,565283,5143385,981252,30/08/2025
14,21,679022,3995354,944481,29/09/2025
18,74,929092,3132461,32456,7/03/2025
16,95,68462,3613144,53120,5/03/2026
8,81,107213,9146974,672630,11/08/2025
13,69,514997,1940748,642150,23/11/2024
12,32,802853,8841324,447979,5/01/2026
5,61,620644,75058,196019,9/04/2025
13,63,10131,7724175,694936,29/09/2025
20,36,927062,1963867,311862,7/10/2025
1,69,273638,3808010,497541,5/06/2024
12,47,894629,7455913,244945,23/10/2024
5,37,359861,8331493,895037,25/10/2025
10,47,871828,109117,914293,15/04/2024
3,83,614510,2004065,519633,13/09/2025
12,34,644819,3396979,769060,5/01/2024
9,25,116374,962673,995406,30/06/2024
9,69,599852,1845822,153811,27/08/2025
11,68,521922,6117711,278773,21/11/2025
16,59,456872,2234124,151883,18/07/2025
7,33,728384,9091613,913661,3/06/2025
10,46,434957,1478399,273669,21/12/2025
3,23,772831,5749291,332101,22/08/2024
16,89,54804,3290580,67089,4/08/2025
5,86,788328,7041665,403240,18/07/2024
4,39,855201,4979975,734225,10/03/2026
7,30,540687,9720817,666274,19/10/2025
18,25,387946,4587215,22003,12/09/2024
3,58,78675,7684906,246861,21/05/2024
12,2,557961,571236,538608,24/12/2024
9,65,303963,945216,172062,17/05/2024
6,87,981548,57514,267215,8/11/2025
12,38,260413,9071488,463994,12/11/2024
15,98,450947,1215602,464444,3/12/2024
20,46,561533,2056651,150915,28/08/2024
17,59,843139,2782299,211860,2/12/2024
18,47,734270,1709757,898107,21/03/2024
17,42,899714,1726699,37998,26/04/2026
15,6,588049,7907169,769553,18/06/2025
12,31,593628,2371746,128471,25/11/2025
19,66,772605,2180212,110096,16/07/2024
15,4,20342,1518632,158918,23/06/2025
12,51,237128,8198154,234021,25/05/2026
18,75,707632,1604243,978269,14/03/2026
3,42,244303,5770947,975864,22/04/2026
7,12,734623,3358336,29924,21/03/2025
9,50,578742,3057105,370153,8/02/2024
1,11,826625,9537066,711841,2/05/2026
13,89,682689,2008888,542905,15/04/2026
18,71,455273,3895719,779976,11/08/2024
5,97,69665,2731292,838031,3/11/2024
12,85,150032,6049641,631257,4/11/2025
12,43,245641,436885,683073,10/11/2025
20,47,505118,6105477,401298,9/04/2026
19,83,22181,5507401,690281,5/06/2024
10,39,712860,5020104,371216,2/05/2025
14,51,770664,4625866,820626,24/01/2025
4,58,8216,6208391,81846,24/05/2025
1,6,811023,6334481,874333,1/05/2024
1,32,187538,8519134,332910,19/03/2024
17,95,932918,2409254,211347,5/07/2024
8,55,124949,1063199,187942,23/04/2024
11,89,110673,4153610,434944,24/09/2024
2,65,869601,5379040,537293,3/02/2025
19,72,248870,4747776,390864,23/10/2024
7,24,882826,4353048,628728,20/09/2024
2,34,247089,9076083,275551,10/06/2025
9,22,167051,6880717,440764,18/01/2025
20,53,464312,3113105,147620,12/03/2025
13,39,332101,8745611,141752,20/05/2024
14,71,698846,5188396,745515,25/03/2024
11,11,512521,7858903,964543,5/06/2024
8,97,484249,7646831,473750,26/06/2024
1,37,570246,7703311,788845,15/09/2025
3,45,835285,3502659,130892,28/06/2025
2,99,78903,3243002,4665,25/05/2024
8,74,701925,9015329,271308,21/10/2025
4,76,218786,4147291,808713,17/02/2026
8,64,499792,1826705,61641,10/11/2025
8,36,960479,1371343,95888,8/11/2024
9,97,815646,978100,337661,12/05/2024
3,68,945038,4333093,492888,30/09/2025
11,67,577791,1669499,457977,10/05/2025
20,90,889077,8290151,607358,21/08/2025
3,2,862594,3053407,312366,20/10/2025
16,27,389561,1321352,676575,13/10/2025
2,46,16787,5778783,501236,19/06/2025
10,57,399346,4169070,122004,18/02/2024
18,90,265020,4610493,110,16/12/2024
10,41,547591,6251080,47770,30/10/2024
8,65,255609,9127126,631265,15/03/2025
18,19,692216,5638174,479463,1/05/2026
20,71,778702,5745302,763511,22/12/2025
15,79,476976,7350932,577115,14/03/2026
17,25,480592,4973562,664435,10/06/2025
19,73,368212,8865043,133538,1/04/2026
13,65,208751,5437373,360830,5/02/2025
2,22,432356,3919229,599831,6/02/2024
9,63,211030,5464548,887192,23/03/2026
11,85,7239,4731755,436162,24/07/2024
19,47,715196,4130350,898978,30/05/2024
1,44,514443,3337687,879805,2/11/2025
11,76,741548,4667315,773670,16/04/2026
13,50,535647,3530388,407917,15/04/2025
2,63,11524,4811828,772017,17/01/2026
12,11,380336,4066532,678832,1/09/2024
20,36,350244,4696287,401284,30/07/2025
17,24,870917,6758732,46924,9/08/2025
14,90,983740,5726852,604086,4/03/2026
10,69,441656,2868172,81556,29/10/2025
1,98,101407,119495,238765,11/02/2025
1,15,829628,8101202,675333,25/12/2025
10,32,445870,3364169,193946,15/03/2026
19,63,191738,6009002,808657,5/07/2025
4,10,810302,4745119,122499,15/01/2024
11,20,909103,3097847,208773,2/03/2026
16,48,39672,3981637,235100,8/05/2025
8,26,953823,3612950,862744,3/02/2026
20,29,197579,3471971,787865,30/04/2026
2,1,457007,4539731,703081,22/03/2024
5,1,81732,5995675,381247,29/04/2026
17,73,995996,269010,881261,12/08/2024
3,66,794141,4963659,943951,6/06/2025
9,59,71753,1798861,78006,13/11/2025
20,48,23136,5704429,116743,6/08/2024
5,17,573623,4688888,825893,30/03/2024
10,41,363763,8774851,66144,5/01/2025
10,83,989893,5881923,918246,12/10/2024
15,70,795750,4628942,141359,31/01/2025
6,28,349021,1697161,32164,17/07/2025
5,29,789657,3834808,127458,17/11/2025
5,71,115409,1841252,857231,25/06/2024
19,1,24253,5166124,782957,7/12/2025
3,32,389705,6845110,72292,10/05/2024
10,73,335229,5551337,598379,2/01/2026
1,33,820799,1024328,755344,3/03/2025
1,99,866775,3968503,981959,26/01/2026
18,99,27452,1254299,837297,28/03/2024
10,52,694292,9156344,269532,21/10/2025
12,76,398988,8790548,909881,8/05/2025
12,59,984206,8703978,905679,9/08/2025
9,100,734717,1563038,167113,26/12/2024
13,67,141732,9177579,836513,27/08/2024
20,32,813139,3079596,328388,2/12/2025
8,42,254092,2869003,391595,28/11/2024
9,18,790005,6411435,821050,8/07/2024
16,89,297056,6160305,592228,3/08/2025
1,21,943350,6811951,601971,15/05/2025
2,4,310901,261602,726944,2/12/2024
3,62,837419,977070,19546,25/04/2025
13,5,467988,5685385,442895,3/06/2024
13,42,73632,609315,762932,11/01/2025
13,26,966294,1109578,300882,26/11/2024
2,80,781864,1131417,458339,25/03/2025
13,62,580832,1082140,578217,26/04/2024
5,35,880781,549807,992288,11/09/2024
1,47,977522,7308484,252468,8/04/2024
8,44,923927,6753277,738704,15/05/2024
7,52,273998,1172068,189529,28/12/2025
5,48,495514,7912990,663542,24/01/2025
2,11,959085,9372091,431087,6/01/2026
6,24,817088,3595721,782314,9/06/2024
18,6,901493,3709384,942921,10/02/2025
6,79,674033,2653457,301775,23/08/2025
11,54,694452,6078563,920527,27/08/2025
16,73,272858,8239691,6936,22/10/2024
13,30,566109,3501226,562576,29/05/2024
5,7,392217,440015,138204,10/02/2024
19,57,944561,5826280,544399,4/03/2026
8,84,288975,4892484,779055,14/07/2024
3,64,303033,8640397,345773,26/09/2024
19,75,806094,5024706,916908,15/09/2024
7,51,911551,1842698,794308,23/08/2024
12,100,731123,8185439,23559,24/01/2024
18,65,28524,1618640,88137,18/12/2024
2,3,524679,6987574,352615,15/04/2025
3,40,634156,1127573,581351,30/07/2024
8,23,672773,7436591,210906,4/06/2024
17,57,227956,6929306,863349,11/08/2024
9,95,629341,5713098,644628,17/06/2024
3,18,257847,4568105,405621,18/12/2024
14,72,735043,6894355,492822,24/10/2025
4,18,99382,9064161,530562,6/10/2025
7,50,543702,293159,234791,22/03/2024
15,51,597971,84102,609156,25/11/2024
3,10,585774,9258931,92444,31/08/2024
12,38,805843,6090676,517797,7/06/2024
7,26,390853,1790119,448209,26/01/2024
12,62,635939,337858,317481,8/03/2025
14,19,487195,3364715,519574,6/09/2024
1,34,273257,3250036,936611,6/12/2024
6,72,993737,9332170,964172,27/11/2025
17,19,24527,1807579,629344,9/12/2025
7,86,948637,1097020,794952,3/06/2024
2,90,819998,2817578,634296,28/02/2026
8,7,187116,414779,859915,22/08/2025
19,19,884139,4510719,485106,8/09/2024
2,78,183475,1064333,65493,16/05/2025
14,11,148136,8354149,578614,9/12/2025
10,51,423856,5255991,663212,3/12/2025
9,10,529024,984031,387352,5/09/2024
16,100,45431,7718851,824469,10/08/2024
4,85,528248,8107585,372671,26/12/2025
2,20,942765,2500490,5058,10/09/2024
20,45,648655,9669713,176293,30/10/2024
12,95,164694,2593854,143085,8/04/2024
1,69,704695,6077370,781168,14/01/2026
8,44,312564,9782106,692769,25/03/2024
17,83,447752,9678971,579138,7/12/2024
9,96,823414,2825243,837953,11/01/2026
6,87,374321,648820,40291,1/12/2024
12,51,134779,8099153,61165,1/12/2025
19,38,368873,3753899,390291,21/12/2025
17,44,760207,9915385,349856,5/09/2024
9,30,770845,143858,392257,22/09/2025
1,66,766321,8502340,395850,31/10/2025
12,16,565614,2074109,785336,5/06/2024
4,49,703878,7664802,695197,9/10/2025
2,93,615235,7897259,143081,6/03/2024
17,26,949346,6183729,558922,1/05/2025
14,43,906342,6802894,221362,28/10/2024
15,60,549391,7178042,122360,8/02/2026
6,64,703677,5316333,316696,26/02/2025
16,89,367028,1701240,222566,10/12/2025
17,13,983387,8998829,98117,28/03/2024
19,33,711161,1280417,602602,19/02/2024
16,76,160023,6941015,4642,20/03/2026
16,90,190884,9862622,317944,14/05/2025
16,77,100459,6235783,325178,1/02/2025
1,64,715965,1124805,291313,10/09/2024
5,9,763560,3023101,220130,17/10/2025
8,33,167775,3940433,698962,26/02/2025
20,74,740461,4752045,658106,22/06/2024
15,51,339613,258112,447141,31/03/2025
2,16,711342,4759883,427155,12/03/2026
9,85,81732,7214761,735966,7/09/2025
11,42,687288,9136262,706998,13/04/2026
8,6,232123,4472883,699918,27/02/2024
9,98,888242,7654656,452672,26/01/2024
19,19,737561,8346621,154358,19/07/2025
4,32,561215,7808404,213061,23/07/2024
17,34,131764,6820822,822313,22/01/2025
17,96,687893,2540994,762166,19/03/2024
14,99,291840,3032854,438344,4/05/2025
20,48,97510,4091059,500091,14/01/2025
20,57,152969,7374924,380010,3/05/2025
16,25,488792,1456473,395515,1/10/2025
16,18,832399,7139890,701439,7/12/2025
10,85,515222,3391613,841444,6/07/2025
11,78,883149,7390304,178413,26/02/2026
5,58,381627,6868962,317281,21/01/2024
18,27,273392,2273841,213682,12/04/2025
16,29,986394,9222903,120063,26/02/2024
16,54,521509,4250960,327001,1/11/2024
13,63,200135,9662582,657453,3/07/2025
13,41,863271,5295792,600552,30/08/2025
11,61,314232,476823,999458,18/07/2025
1,73,67266,8195828,880419,23/06/2024
10,75,106368,6667332,519585,11/04/2026
1,61,951764,7985332,892059,24/02/2026
13,56,983898,1201297,583800,12/05/2026
12,49,31571,4811282,535011,1/03/2024
3,6,230960,5964248,238601,19/04/2025
19,38,522306,3317126,708929,23/01/2025
11,100,106412,9041246,655476,12/01/2024
2,68,493059,5510509,116167,7/09/2024
1,19,152088,8281590,425864,9/02/2025
13,62,455715,5197176,318125,1/02/2025
6,48,479648,6578318,723345,19/06/2024
5,53,661810,2234619,310341,12/03/2025
14,43,455040,619104,583750,26/03/2024
12,23,363170,1671282,115877,6/04/2024
18,5,866212,1195529,240453,15/07/2024
6,5,468497,5671271,232598,18/04/2026
19,14,887578,9789840,5325,11/11/2024
20,53,929908,8844462,382036,19/04/2026
5,4,959556,5826821,27037,27/09/2024
6,49,342849,2269172,605522,19/10/2024
7,77,774462,2805380,817669,11/01/2024
14,58,412525,9924774,933237,22/02/2024
2,7,775293,4642109,725776,17/05/2026
3,60,605956,5098848,66311,20/10/2025
15,83,705969,3432163,814688,29/03/2024
7,86,97535,8999443,729109,28/02/2024
3,79,762975,6678010,114651,9/10/2024
17,96,988039,7241716,617647,7/08/2025
6,48,439616,3748640,811729,11/11/2024
2,33,319215,7665878,804682,19/09/2025
8,96,115469,732423,715754,19/01/2025
20,83,675889,3218527,820510,14/06/2025
14,47,366027,401752,947504,29/08/2024
18,2,133785,7025279,435510,27/04/2024
15,30,28087,2598008,177888,18/12/2025
8,33,373356,5920481,85767,23/05/2025
9,70,811199,9286681,460270,31/12/2024
8,45,294274,2120280,438520,3/01/2026
19,50,860739,7304389,600801,24/06/2024
4,88,979349,2331922,789031,15/08/2024
10,10,205847,3078128,377866,8/11/2025
12,27,434890,8974431,967055,16/07/2025
1,24,562085,5620391,512934,1/05/2026
1,91,717967,3966223,662500,1/04/2024
16,11,683306,2579759,743080,5/02/2026
15,83,824061,8328663,563612,20/07/2024
14,26,893958,5282797,716213,29/11/2024
17,18,999525,3624802,538058,7/01/2026
3,90,7029,2621011,294396,8/02/2025
16,46,119033,4534462,86118,28/06/2024
14,3,963961,7625647,379981,7/08/2025
16,33,637288,8049105,783976,13/01/2024
7,13,813685,9431845,542209,20/02/2025
4,73,860627,9084313,781059,31/03/2024
9,69,439721,993200,283890,25/03/2025
12,43,931471,9540670,440665,27/06/2024
1,67,576859,9739101,48487,10/03/2025
10,42,480646,6695779,81325,23/06/2025
17,64,952146,3318515,76485,2/04/2025
14,39,33532,8858961,500050,10/02/2024
4,39,478524,1542541,877334,10/04/2024
13,85,4093,1223732,712774,8/03/2025
14,48,987289,2456288,187699,21/07/2024
12,97,897413,9399563,929209,4/10/2025
3,64,884782,4809294,894289,9/11/2024
17,9,673264,6901139,422372,25/05/2024
19,12,960789,3895740,895909,22/10/2024
12,82,942976,5383029,519186,10/03/2024
3,68,724116,4597650,356761,22/03/2024
5,93,737095,6711207,430775,5/11/2024
18,81,230180,2952927,597334,3/08/2024
5,40,532268,9236917,119822,1/12/2024
20,41,971208,4313764,384800,20/09/2024
18,84,996508,5126207,696468,22/04/2025
3,3,938810,82673,595893,6/01/2025
2,45,514988,5975396,514508,15/01/2024
1,69,571498,9783496,518710,21/08/2024
5,12,879030,9227524,705700,25/11/2024
9,30,612196,9018189,114438,17/11/2024
12,51,325155,6908193,967087,4/07/2024
10,76,48092,4382860,94889,8/03/2024
20,87,342061,1058114,956072,9/02/2024
2,59,842868,3748862,575674,20/08/2025
12,11,380511,4134130,142848,26/03/2025
3,22,655385,542651,262076,16/03/2024
20,2,879550,4738940,831273,3/04/2025
4,27,550488,4552681,269761,9/03/2026
14,92,830037,8066240,149241,27/08/2024
5,94,172049,8426080,735812,9/05/2024
5,20,210262,4360597,974136,30/10/2025
10,24,242191,5840081,30803,1/11/2025
8,85,615953,4686334,987633,14/03/2026
5,57,600529,3868367,875542,17/10/2024
18,49,138047,1472035,839522,19/03/2026
16,31,453833,3876424,810945,7/11/2024
16,28,503693,7281546,349554,10/01/2025
3,93,231212,8348258,89384,24/09/2024
10,27,839558,6597283,706309,6/07/2025
1,99,106783,9080640,416621,12/09/2024
17,22,663631,9350612,716665,12/07/2024
8,53,349134,5008843,87945,1/08/2024
14,26,127793,5502184,825530,18/02/2024
19,45,943818,5126884,421048,14/02/2024
15,36,671810,985439,990851,3/08/2024
1,1,790927,3181254,308287,3/08/2025
4,99,702251,1961681,259749,26/04/2025
9,2,651512,8844570,161119,23/03/2026
9,8,976791,1850254,725923,31/10/2024
10,37,487540,4997760,743856,27/09/2024
16,64,984779,9530581,422741,26/05/2024
11,48,963735,5390381,762101,29/06/2024
15,37,915544,5627634,460600,22/08/2025
11,86,80157,764042,108495,28/09/2025
9,71,595657,2579138,577465,12/04/2026
13,62,272257,3898277,663167,13/11/2025
4,55,197519,8415879,99539,8/01/2024
5,25,594307,8174871,828748,3/02/2025
3,98,274797,213641,94913,8/05/2024
20,50,938660,7376070,32084,16/03/2024
14,32,354864,7513452,727270,18/01/2024
8,99,322573,6181841,823355,26/08/2024
2,44,282065,6710878,212189,20/09/2024
11,42,144678,8135361,475795,28/09/2025
9,50,382515,4188151,271751,4/07/2025
20,95,84139,6943830,459636,28/07/2024
13,71,587674,1189210,433618,13/06/2025
2,88,939365,6459884,502465,7/05/2024
11,3,687823,3588048,320303,10/02/2026
14,16,373292,3442540,290765,21/08/2024
20,50,49560,3322443,89143,30/01/2024
16,18,950288,1518815,116774,28/03/2026
8,76,859209,6631375,595563,26/09/2024
7,61,918448,2824475,109067,22/01/2025
7,11,25855,6144621,447379,13/08/2025
13,15,751375,8018748,871332,11/08/2025
17,60,1429,6520691,423570,11/10/2025
12,1,168736,5570608,919627,2/05/2025
4,8,365205,9696436,964807,14/04/2026
20,68,758183,1339872,719743,3/03/2024
18,21,427030,7653955,541524,13/05/2025
14,40,215022,5172109,237551,14/02/2024
10,14,299926,673070,889828,1/06/2024
8,18,798847,4704335,266341,13/03/2025
19,63,612925,3892906,708296,4/08/2024
14,34,732528,8894920,368097,5/01/2026
6,46,401548,288088,646523,13/05/2024
7,74,179589,7836053,423770,16/08/2024
13,78,210236,3056103,271977,24/02/2026
17,23,829299,3012796,395455,25/05/2025
4,12,305771,3401319,81050,14/03/2026
11,26,890758,6270641,503523,27/04/2026
19,56,432228,473229,598826,26/11/2025
6,18,13946,5556668,538903,18/01/2026
3,61,480493,4307920,510501,16/06/2025
8,80,136106,2595676,81132,2/05/2024
16,59,296761,7258800,799287,13/08/2024
12,60,444613,2831937,439758,23/03/2026
3,50,998577,2199821,206772,7/09/2025
10,41,8811,8103236,235367,25/02/2026
10,58,171855,9456923,303014,23/02/2025
7,42,748303,143663,933190,11/12/2024
15,2,841217,7646545,166874,25/05/2025
3,11,786210,5292776,205234,22/03/2024
9,23,444936,7710038,541886,25/07/2024
9,18,641843,4335728,999728,22/10/2025
1,52,346647,5847224,936599,11/01/2024
12,47,964059,6343208,95235,1/04/2024
4,26,877006,527999,860748,31/05/2025
6,80,5686,1378338,997468,25/05/2026
5,9,301172,5682074,703883,24/06/2025
8,31,888291,7017062,150339,26/11/2024
20,19,156464,7741729,690402,14/11/2025
3,51,237579,4778057,973323,18/04/2024
17,37,75479,9768650,635150,31/05/2024
19,39,651273,488505,246202,5/01/2026
2,82,97615,6557812,357777,1/06/2026
13,61,948004,1925771,74358,27/04/2025
12,9,254389,6944459,383764,13/04/2024
20,80,279321,4007554,919724,26/01/2026
18,91,178840,8056839,544255,23/03/2024
19,77,945922,3935472,407579,21/04/2026
15,44,599669,7030930,610107,20/12/2025
18,68,252624,7293527,536132,30/12/2024
13,28,183016,5974781,612352,2/03/2026
6,27,382943,5799078,251556,2/06/2025
6,54,384442,3064357,76535,1/01/2024
19,6,374003,131449,144090,14/11/2024
8,31,811246,1586566,9451,10/06/2025
8,32,379689,4047910,861050,27/10/2025
13,39,468663,3545479,77625,31/07/2025
15,95,167205,5632002,467797,7/04/2026
1,4,731775,5747550,825122,2/10/2025
14,84,970179,9603803,972381,8/09/2024
13,77,649761,6489659,33709,14/07/2024
18,51,92569,8732928,51746,9/05/2025
13,84,191339,1963685,597390,17/02/2026
11,87,188544,5977681,659894,14/08/2025
6,83,256000,4346602,352532,15/08/2024
13,2,11737,9069551,108207,26/07/2024
14,90,259808,5126720,668969,21/02/2026
14,6,826122,2861162,705826,3/09/2025
7,64,863042,3916690,628190,27/09/2025
17,63,888222,7902106,473838,23/03/2025
10,38,901795,4001565,349493,30/11/2024
19,18,747827,3157950,478271,7/08/2025
19,82,884257,617092,306766,17/10/2025
19,43,133261,8514281,291509,23/02/2025
9,17,872215,3650531,712843,6/12/2024
11,56,149744,1746655,742504,21/02/2025
17,29,622698,6596283,931705,14/08/2024
19,98,502150,6704615,746558,7/08/2025
14,99,949410,9527705,52573,8/06/2025
1,69,40066,3565168,881124,26/01/2024
20,62,253735,6002900,197369,25/11/2025
2,37,168388,5892905,863063,15/05/2026
18,8,868642,7599304,638202,17/05/2025
17,5,173324,2880839,875427,15/07/2024
14,37,569798,9228175,642366,25/11/2024
20,86,226995,2374652,125758,24/04/2025
7,50,928138,4743280,489513,22/09/2025
20,23,546799,3258223,670993,2/07/2025
18,6,179713,7436839,711203,25/05/2025
14,46,632024,2299272,920488,1/01/2026
10,45,413641,8892550,866155,6/02/2024
13,40,300754,6540831,636400,5/03/2026
11,34,77923,3388473,116749,10/09/2025
5,53,828708,8283476,780175,14/04/2025
13,17,586260,6217001,338467,11/02/2025
8,65,269898,919637,144420,14/11/2025
10,17,586201,9546101,786811,2/02/2024
1,76,262950,6065362,899395,3/01/2024
18,8,876479,2753661,868486,10/03/2026
14,91,425007,7824539,93475,12/03/2025
1,49,976792,4745938,729953,29/07/2024
10,27,324911,7513716,327810,9/08/2025
16,30,130659,8701798,781501,3/09/2024
18,73,4293,1653919,654046,1/04/2025
19,77,39318,1668720,763074,5/12/2025
9,50,213446,5528510,29625,26/11/2024
17,56,477527,490111,932585,7/05/2026
10,39,826136,283864,981317,1/12/2025
12,31,147385,7001534,573898,5/01/2025
9,52,684527,5723443,236628,3/11/2024
15,56,864529,3076738,225632,30/04/2025
9,33,725122,4954868,422192,21/10/2025
18,36,594368,2556760,635734,9/09/2024
12,71,944003,5648322,519837,17/08/2024
4,68,618897,3396449,903770,27/09/2024
3,59,168570,4050959,170784,16/01/2026
2,66,907680,5852413,276131,7/01/2026
14,7,453826,4115614,977300,18/11/2025
15,19,152875,565065,69921,28/02/2026
3,98,543432,653331,30474,20/05/2024
13,53,844958,9268078,490478,5/07/2025
6,70,364979,2596392,611889,22/09/2024
15,52,892177,3235595,568548,4/12/2025
17,29,551884,6793009,630903,2/08/2024
19,55,267267,7433165,85736,11/02/2025
4,56,878693,8121376,623973,12/05/2024
3,89,59335,8677117,533251,20/04/2026
19,31,282133,2693618,773389,8/12/2025
10,56,863964,3570728,559576,20/08/2025
8,30,92928,6555015,612597,22/06/2025
15,67,899474,6055730,227751,30/01/2024
19,16,209190,4921670,482282,3/04/2026
4,94,648352,4501851,442600,5/04/2026
10,69,464818,5726644,703378,16/10/2025
14,94,613983,6676824,151565,2/01/2026
20,64,474448,9563137,575943,29/12/2025
7,10,317374,3019759,522178,18/02/2025
11,55,470656,6436500,786915,8/04/2024
13,100,313038,9145514,136971,13/01/2024
8,9,329678,4822126,158635,9/10/2024
13,12,559250,6459147,941916,27/01/2026
20,32,748252,2835327,16017,22/11/2024
11,22,513897,7139621,689048,27/10/2024
1,80,396649,1047774,27324,18/04/2026
1,57,200267,2386218,854374,24/10/2024
17,56,566296,60302,122520,15/07/2025
13,41,99297,5680701,130157,21/12/2024
5,2,833368,8185169,718351,4/12/2024
3,90,744511,5091614,537599,24/05/2026
12,1,598859,453606,12868,25/12/2024
6,42,208496,3861938,636080,26/04/2026
1,56,487529,5208805,483484,4/10/2024
14,47,997989,3491167,546274,23/08/2024
20,17,402512,1165988,443577,18/10/2024
17,79,219701,8590433,371502,22/07/2024
7,93,349769,3729632,545198,4/03/2024
10,24,323183,9080779,854029,5/07/2024
3,33,581940,3393792,510150,23/05/2025
2,13,608128,1223138,43447,29/01/2025
17,33,213587,5905556,329970,22/02/2026
1,20,419640,2958502,208439,29/12/2024
17,98,210827,5580757,21897,1/02/2024
12,81,949395,6705731,900415,30/10/2025
12,16,999566,1121629,574704,21/04/2025
8,96,678047,83342,557429,5/05/2024
2,42,502106,4382359,942488,1/04/2025
6,71,288392,75982,675626,26/08/2025
7,31,183560,8067464,855620,10/03/2025
3,78,367377,4959342,121992,25/06/2024
14,74,930877,6398681,974293,14/04/2026
8,10,498013,1708676,781425,12/11/2025
18,10,701719,7580152,237124,29/05/2024
15,6,501452,7464526,521510,26/06/2024
8,28,201403,2835227,489834,30/01/2024
5,52,917499,2136495,333674,25/06/2025
4,27,623704,7556298,971268,17/09/2025
14,84,936638,9305959,166706,4/01/2024
14,55,103045,5811970,202847,4/01/2024
11,83,807384,5673043,297145,10/06/2024
13,17,884761,3844166,540332,16/07/2024
7,38,699027,9925610,430885,15/05/2026
11,10,935505,4102260,722575,5/02/2024
19,82,738541,3236710,257408,27/10/2025
5,12,46307,6274005,488074,27/12/2025
16,59,298062,1478960,800838,12/08/2025
18,37,446062,2502123,921882,30/01/2026
1,78,531324,5769517,151106,1/06/2024
9,95,482598,4892363,520905,29/04/2026
17,72,83717,9891550,521248,2/02/2024
11,22,511753,668349,580214,26/01/2026
5,39,821896,5842401,385154,30/01/2025
13,50,741151,9243642,333107,2/05/2026
14,45,493119,3382315,582277,7/04/2026
19,13,891940,240908,923994,20/03/2025
18,45,28591,8991903,154541,9/03/2026
3,59,935140,9320407,553024,9/04/2025
14,11,861636,1732140,618845,28/06/2025
6,99,762113,899525,658241,25/02/2025
6,57,418654,1496091,959647,8/11/2025
16,35,229098,2831025,579301,6/07/2025
13,67,482187,4580401,15152,4/07/2024
15,11,598133,6101081,634954,8/07/2024
18,27,145149,9713882,370914,15/03/2025
18,48,150278,5806360,311110,7/02/2024
20,58,397004,2341452,506652,27/05/2026
8,12,381078,2252784,437172,1/08/2024
8,8,847083,8261067,822646,12/10/2025
17,18,446261,1259143,155929,2/10/2024
8,96,882868,2813293,440654,19/08/2025
14,53,653038,4444170,121452,9/11/2025
6,85,396441,9428031,95333,24/04/2026
1,23,453262,3969463,539814,24/05/2024
1,48,822790,8007682,23754,18/03/2024
15,96,442201,6712032,202886,16/10/2025
7,82,591912,6621670,936296,12/11/2024
4,12,868877,501975,965090,22/03/2025
1,9,709461,8397825,493066,5/03/2025
10,4,601832,357090,721879,26/11/2025
7,65,746788,8094905,78551,3/07/2024
9,98,902704,174639,103688,14/03/2026
5,3,364525,2220409,292374,7/12/2024
19,24,904289,6274264,698276,4/08/2024
3,48,422705,7832487,838213,15/06/2025
17,49,982213,9379849,372553,1/06/2024
19,18,866772,8082107,262821,26/01/2026
9,33,795150,3050047,296059,18/07/2024
15,89,667802,8025980,390813,10/06/2024
17,89,653119,3665209,128788,9/11/2025
14,92,972208,8239396,777690,22/12/2025
7,86,938319,1886118,864769,26/01/2026
7,50,182583,1374057,277704,28/02/2024
10,57,20294,8773868,24936,7/05/2025
3,99,495260,328557,396269,26/09/2024
3,42,638923,8136329,173341,20/03/2026
9,22,58326,6312456,156760,11/03/2026
7,14,18534,888670,324951,28/06/2024
9,67,791005,9790278,973663,21/06/2025
14,37,331486,4876526,251565,5/06/2024
16,18,120545,3747423,57749,16/10/2025
8,71,144877,9665063,45245,5/02/2026
11,80,88326,7365697,641903,28/06/2024
2,66,416546,66561,266389,27/12/2025
16,34,68160,7927742,617770,25/07/2025
20,14,949943,3545454,725658,16/03/2024
10,54,889052,6124802,987093,15/11/2025
8,77,388409,445903,804793,1/05/2026
13,80,111310,9230378,239972,11/10/2024
1,82,919671,4108990,948265,1/04/2025
14,32,350262,538905,731696,16/11/2025
20,9,422207,5558595,822816,16/05/2025
19,6,294438,556672,623187,21/05/2024
1,46,884148,2697003,73781,28/02/2025
3,30,827411,6510350,660655,25/12/2025
8,57,834144,7072087,636079,23/05/2026
12,8,579181,8130717,139606,27/08/2024
14,48,608133,1828148,53420,5/05/2026
5,8,493539,6991220,715474,19/01/2024
7,75,737628,5933140,470962,4/03/2025
3,21,661034,6084438,741226,4/07/2024
19,43,371535,2513009,523596,8/11/2025
12,30,148679,3943312,583125,13/03/2024
5,1,466503,9435606,553450,1/01/2025
4,36,212034,2214600,715890,19/04/2026
9,56,971755,168411,502898,9/08/2024
1,70,908592,1407155,768932,19/04/2025
6,11,12812,8300150,406939,8/06/2025
15,18,40648,2548131,222487,3/04/2026
18,65,682474,8755406,486894,12/05/2024
9,9,362858,9743,755823,3/06/2024
1,68,380416,6826408,442741,13/02/2024
1,37,405902,4866520,133742,25/02/2026
14,18,559753,113312,396590,1/08/2025
8,1,457513,9798651,292261,4/09/2024
7,10,514967,9237979,441299,13/02/2026
11,4,459817,330458,161590,17/02/2025
15,49,102930,6855147,662098,4/08/2025
2,48,873057,5243526,907422,13/05/2025
12,32,175310,1332120,688416,12/12/2024
7,65,936216,9013176,371834,8/06/2025
12,90,490817,4078606,632399,27/07/2024
2,91,223704,4388341,912020,22/03/2024
19,58,46667,3837619,692081,3/10/2024
17,78,768948,6773680,765503,22/04/2025
17,89,787316,6992763,399191,30/12/2025
3,69,759311,549642,100896,15/05/2026
2,26,671236,622110,274681,14/07/2024
3,55,333818,8422928,590355,25/04/2026
18,27,201027,4076291,577217,4/04/2025
8,63,601912,2700808,30598,29/11/2024
7,97,157873,9159953,72152,24/11/2025
19,13,838885,2333973,691393,24/01/2026
19,100,656865,5222173,979789,25/06/2024
1,57,469272,1231021,998099,13/11/2025
12,48,436744,9820301,702175,10/03/2025
11,17,936549,6022672,369031,10/12/2024
16,47,622227,7548201,514540,16/05/2026
6,36,803090,1467212,747494,18/05/2025
8,70,58235,1208212,245763,25/05/2025
11,62,492620,9672669,187219,4/04/2024
2,43,262106,4259528,920002,14/05/2024
1,43,372553,4580323,584653,26/06/2024
18,80,790962,1819602,712005,3/10/2025
15,24,403626,7883200,628441,25/02/2025
20,66,873654,2008267,65155,21/04/2024
1,36,150932,9268494,768066,25/05/2025
4,66,567794,9464310,587126,13/09/2024
15,92,382969,822889,825839,6/11/2024
16,30,343628,2750314,416301,18/01/2025
19,62,708144,1861017,388346,12/11/2025
16,62,168343,3201282,841777,24/05/2024
2,16,978042,7464939,389272,16/12/2025
2,58,365833,3780460,135295,5/09/2024
17,15,29999,8802359,547516,15/04/2025
16,16,328753,6338825,70126,21/09/2025
2,22,5461,7898850,364331,12/08/2025
3,35,219040,7292554,953603,23/03/2025
20,10,789245,8292055,385057,11/09/2025
16,69,719142,5386827,677671,28/03/2024
11,54,569729,8305735,133340,25/04/2026
12,73,555833,5919523,748949,26/05/2026
13,40,522156,8494829,924225,27/05/2026
9,79,421210,8289392,626595,30/08/2025
19,23,368426,3746329,531516,11/02/2025
20,32,515527,7353959,832309,19/05/2025
3,42,978640,8732615,585012,14/07/2025
5,20,960107,8827851,143206,12/09/2025
13,48,867226,213000,894780,1/01/2025
3,13,627301,6741148,805722,25/04/2026
14,79,194289,9755912,349386,21/03/2024
2,83,199914,9731875,478690,20/05/2026
10,87,407555,3379416,931728,1/07/2024
1,7,717097,978846,459210,7/12/2024
20,9,961109,3203147,571953,11/02/2026
1,92,369,4109664,784413,20/09/2024
18,46,131075,4852130,57005,13/01/2026
20,89,716970,3701890,914322,19/01/2024
11,95,522461,8620794,103158,28/02/2026
7,98,621398,5072385,450902,3/06/2025
18,11,214968,2883480,325234,25/12/2025
10,75,148786,3453351,335843,9/07/2025
5,75,28538,5196006,603619,24/12/2025
5,81,599190,1329008,17700,10/12/2024
2,51,937430,7389198,817752,13/01/2025
6,26,294972,4348570,993471,26/05/2025
8,96,187619,1929542,912544,23/01/2025
13,16,525482,5506731,270400,7/09/2024
19,42,458701,6672447,964451,27/04/2025
11,100,720749,4923479,928308,5/08/2024
10,92,175620,2750046,857664,12/10/2025
7,65,789419,7259427,937512,9/02/2026
8,62,489049,4933297,674199,28/01/2025
17,94,639972,1404974,528625,7/06/2024
14,9,810004,3469669,905465,2/02/2026
15,16,764685,5210107,85307,25/07/2024
15,64,614181,3376111,235106,31/12/2024
4,33,433381,5910590,215999,22/10/2024
17,25,884984,693211,528875,22/09/2025
4,27,606742,1578373,297858,17/07/2025
4,34,72780,4210912,131982,27/06/2025
15,99,223375,9507709,341254,17/08/2025
4,12,499516,6716577,47221,7/09/2024
14,55,267217,7065858,768168,8/04/2025
1,96,743940,8432222,940684,15/10/2024
8,64,999244,7147304,524636,12/10/2024
19,47,997858,1839621,803856,3/03/2024
2,43,399489,9864189,598824,26/01/2024
11,45,771830,2403750,43647,3/10/2025
1,86,856842,8800420,487533,29/03/2024
2,88,589038,3483659,626956,20/06/2024
11,85,343111,7421623,94031,5/04/2026
3,22,683337,4099814,722295,20/12/2024
8,78,416372,6074486,261792,2/08/2025
14,3,535755,7819581,949159,9/03/2026
6,17,747700,5314889,535833,23/05/2025
13,94,186636,572259,1090,8/07/2025
15,71,225279,8701823,483262,15/10/2025
20,34,468723,8478224,800125,29/04/2026
2,44,692525,6192488,246010,30/11/2024
7,89,275970,9094980,408642,27/03/2025
18,37,719929,9655008,212029,20/08/2024
2,1,604544,4758595,135266,12/11/2025
15,45,36196,3186973,35324,16/07/2025
11,44,82676,3073984,540125,8/09/2024
4,56,222588,9645969,633716,17/05/2024
15,98,888014,9803009,113737,15/09/2024
11,1,285801,6956489,851683,1/05/2024
19,87,648202,4085001,17697,15/11/2025
15,85,880983,6655029,256063,3/05/2024
13,18,230600,6213937,742526,15/10/2025
15,83,809898,6751183,128744,5/05/2024
13,21,344727,9819581,733263,26/01/2025
8,93,18112,1525854,215512,3/07/2025
1,93,539791,2721184,170535,30/04/2024
15,51,604076,3726080,22154,24/03/2024
12,37,41174,2247114,508148,21/12/2024
15,52,108469,7537910,375324,7/10/2024
15,60,842636,8433550,65985,13/02/2024
9,10,364191,9205158,838903,28/08/2024
7,8,984671,4366637,522755,11/03/2026
3,93,961133,6465070,757351,2/01/2026
19,60,636607,5978200,500267,17/01/2024
12,11,665108,812795,795194,22/03/2026
19,59,866508,1752149,801093,5/08/2024
16,80,411072,1696995,451162,30/04/2025
16,88,135125,5696880,591179,30/09/2024
1,23,165131,2194022,834238,30/07/2025
4,13,109508,7458029,667193,7/12/2024
17,31,810284,1073390,237571,19/02/2026
7,17,173897,4346898,9307,7/07/2024
17,78,626824,578114,75174,4/09/2025
8,32,901963,9617099,31707,24/02/2026
10,13,941392,3651464,745258,12/04/2024
17,43,651055,9760345,907884,16/07/2025
2,91,19349,7476944,542895,25/02/2024
4,81,66185,1898270,283819,17/07/2025
4,21,679661,4855885,842474,26/02/2024
14,91,902810,2240039,265227,16/07/2025
7,72,15167,3629299,530150,14/01/2026
12,54,994508,1259678,653982,6/10/2025
8,10,431564,8001331,874341,19/12/2025
1,53,904776,541437,888136,4/05/2024
16,44,722817,5148269,3668,21/02/2024
20,90,513735,4446268,420967,14/03/2024
11,72,911097,2099529,890361,18/12/2024
7,35,769732,5007165,278593,16/05/2024
16,74,649714,3593859,220846,25/12/2025
8,90,187436,9550622,353804,1/06/2024
15,82,694239,3989657,625544,20/03/2026
15,72,292133,9900838,325210,7/10/2024
10,98,692312,1341796,849699,12/02/2025
11,4,76214,1200680,117702,23/09/2025
17,71,406203,2441510,295080,1/01/2026
11,10,779373,367703,385401,16/04/2025
1,5,564755,6311352,827226,22/06/2025
13,43,929182,7634140,556802,15/04/2024
4,6,920866,6490541,624150,27/06/2025
10,94,327655,5997505,519730,10/11/2024
13,61,978484,6446518,523474,24/04/2026
9,79,312201,6628541,330815,15/03/2025
7,98,982532,9839984,584597,23/03/2024
13,22,973361,9365973,795353,15/09/2025
12,63,848140,9924164,864813,4/10/2025
4,64,722481,4460754,898025,30/06/2025
16,90,932102,1469652,531271,10/07/2024
10,90,407496,3312849,223816,11/07/2024
8,16,594155,1530612,386604,17/01/2026
4,8,761374,9162531,605473,10/08/2025
14,35,346583,696833,223299,10/03/2024
14,74,131668,9386823,435265,2/04/2026
11,46,643994,7796866,675206,7/02/2025
18,37,425177,3668578,848213,24/10/2024
9,61,989403,7897953,113127,2/10/2024
10,11,978845,200258,564992,9/06/2024
7,61,646403,4407993,538371,2/06/2024
16,30,496703,2469332,781387,27/09/2024
8,77,718873,6973339,860956,9/09/2025
11,32,374533,2836362,313275,18/03/2026
16,44,209154,7243867,753957,30/05/2026
9,97,386459,4660907,605770,24/11/2025
5,60,967640,4050491,42065,14/04/2026
19,28,55021,5079820,171953,7/12/2025
18,2,351490,4282664,201792,10/10/2024
14,77,15279,3484818,528041,25/10/2024
3,40,217023,3908047,253382,5/12/2024
